Number of Nodes,GNN Infection Rate,Random Infection Rate,Max Degree Infection Rate
10,0.24,0.2,0.14
30,0.37333333333333335,0.25999999999999995,0.17333333333333334
50,0.21600000000000003,0.192,0.07600000000000001
70,0.09714285714285713,0.18285714285714288,0.09428571428571428
90,0.09111111111111111,0.20666666666666664,0.05333333333333333
110,0.09818181818181818,0.11272727272727275,0.07636363636363637
130,0.055384615384615386,0.13846153846153847,0.0753846153846154
150,0.024,0.11333333333333333,0.05066666666666667
