Number of Nodes,GNN Infection Rate,Random Infection Rate,Max Degree Infection Rate
10,0.2,0.2,0.2
30,0.10666666666666666,0.16666666666666666,0.09333333333333334
50,0.124,0.21200000000000002,0.176
70,0.05142857142857142,0.21428571428571427,0.06857142857142857
90,0.05555555555555556,0.22000000000000003,0.05777777777777778
