Number of Nodes,Trained IR,Random IR,Max Degree IR
10,0.10500000000000001,0.6499999999999998,0.865
15,0.20666666666666672,0.6200000000000001,0.7933333333333334
20,0.22749999999999998,0.7925,0.7374999999999997
25,0.264,0.6719999999999999,0.54
30,0.25,0.8250000000000002,0.33666666666666667
35,0.23428571428571426,0.8328571428571431,0.36428571428571427
40,0.19875000000000004,0.8437500000000002,0.4074999999999999
45,0.18111111111111117,0.857777777777778,0.27333333333333343
50,0.16300000000000003,0.8470000000000001,0.3
