Number of Nodes,GNN Infection Rate,Random Infection Rate,Max Degree Infection Rate
10,0.12,0.15999999999999998,0.14
15,0.24,0.21333333333333337,0.16
20,0.22999999999999998,0.11000000000000001,0.1
25,0.136,0.184,0.048
30,0.06666666666666667,0.1,0.06
35,0.12571428571428572,0.14857142857142858,0.08
40,0.125,0.16499999999999998,0.10499999999999998
45,0.07999999999999999,0.11111111111111112,0.044444444444444446
50,0.06000000000000001,0.044,0.044
